TRAIN_PSEUDO/generator_total_loss,global_step,TRAIN_PSEUDO/student_total_loss,TRAIN_PSEUDO/teacher_maxes_avg,TRAIN_PSEUDO/student_maxes_avg,TRAIN_PSEUDO/student_lr,TRAIN_PSEUDO/generator_lr,TIME/data_time_sec,TIME/batch_time_sec,EVALUATE/test_acc
-0.01598101337966453,199,0.058426952839147804,0.9266185052371378,0.86837304014319,0.001999229074793719,0.0009996145373968594,0.0013306982203055845,0.04376497889949788,9.999999899999999
-0.020556774029895645,399,0.061239901308043236,0.7192779938136856,0.6130303453671182,0.0019969173722859737,0.0009984586861429869,0.0009530146122528514,0.04459157711206615,11.3499998865
-0.03229648108217748,599,0.07964414822065598,0.7408729916874703,0.5779908613241456,0.001993068495507624,0.000996534247753812,0.0009233426278277303,0.0439963397476271,11.1299998887
-0.05029114021002286,799,0.1195819148793335,0.7121310798055843,0.4708577601706282,0.0019876883791476855,0.0009938441895738428,0.0009186147877981329,0.044021432704940015,20.8699997913
